 , Total Packets:,Packets/s:,Throughput (mbps):,Packets Lost:,
 , 0 , 0 , 0.0 , 0 , 
 , 50982 , 21635 , 17.308008 , 216807 , 
 , 82870 , 24861 , 19.889072 , 316799 , 
 , 114507 , 26665 , 21.332136 , 396134 , 
 , 146757 , 26743 , 21.394768 , 475463 , 
 , 178585 , 27260 , 21.808263999999998 , 556130 , 
 , 210113 , 27204 , 21.763312000000003 , 634349 , 
 , 237528 , 26197 , 20.957832 , 705055 , 
 , 269142 , 26669 , 21.335832 , 779289 , 
 , 301241 , 27535 , 22.028560000000002 , 857305 , 
 , 332619 , 27215 , 21.772696 , 932019 , 
 , 364719 , 27545 , 22.03612 , 1010135 , 
 , 400117 , 26061 , 20.849112 , 1096326 , 
 , 431226 , 26464 , 21.171295999999998 , 1174397 , 
 , 463292 , 27646 , 22.117583999999997 , 1252891 , 
 , 495152 , 27600 , 22.080776 , 1331196 , 
 , 527341 , 27578 , 22.062912 , 1409946 , 
 , 559620 , 28033 , 22.426504 , 1489312 , 
 , 590876 , 27063 , 21.650752 , 1564681 , 
 , 614775 , 22676 , 18.141104 , 1620833 , 
 , 643106 , 18575 , 14.860704 , 1680521 , 
 , 675116 , 27862 , 22.289856 , 1753071 , 
 , 706733 , 27198 , 21.75864 , 1830211 , 
 , 735000 , 27098 , 21.67868 , 1899621 , 
 , 753224 , 17182 , 13.745984 , 1938938 , 
 , 791401 , 25440 , 20.352567999999998 , 2025692 , 
 , 823199 , 28085 , 22.468128 , 2101938 , 
 , 855179 , 27314 , 21.85152 , 2179740 , 
 , 886678 , 26532 , 21.226384 , 2257222 , 
 , 917368 , 26650 , 21.320176 , 2334600 , 
 , 942995 , 18989 , 15.191528 , 2407525 , 
 , 975237 , 23426 , 18.740848000000003 , 2502624 , 
 , 1007395 , 27619 , 22.095984 , 2581481 , 
 , 1039434 , 26454 , 21.163552 , 2664765 , 
 , 1071713 , 27826 , 22.261472 , 2743287 , 
 , 1103332 , 27563 , 22.050584 , 2820205 , 
 , 1135100 , 27578 , 22.062848000000002 , 2897848 , 
 , 1166180 , 22717 , 18.173616000000003 , 2991160 , 
 , 1196598 , 23386 , 18.709552 , 3079617 , 
 , 1229057 , 28227 , 22.581816 , 3156720 , 
 , 1260586 , 27794 , 22.235896 , 3228837 , 
 , 1293043 , 27727 , 22.181672 , 3301139 , 
 , 1324873 , 27783 , 22.22664 , 3377809 , 
 , 1356461 , 26196 , 20.95688 , 3457568 , 
 , 1388801 , 27906 , 22.32544 , 3535878 , 
 , 1420690 , 27911 , 22.329528 , 3611829 , 
 , 1452909 , 28397 , 22.717928 , 3686695 , 
 , 1485248 , 28302 , 22.642096000000002 , 3761898 , 
 , 1517137 , 26489 , 21.191903999999997 , 3843763 , 
 , 1549596 , 27908 , 22.326696 , 3922542 , 
 , 1581546 , 27485 , 21.98868 , 3999627 , 
 , 1613495 , 27848 , 22.27884 , 4075506 , 
 , 1645774 , 28055 , 22.444104 , 4153766 , 
 , 1678161 , 27652 , 22.122304 , 4230414 , 
 , 1710437 , 27669 , 22.135328 , 4309091 , 
 , 1742357 , 28147 , 22.51784 , 4385505 , 
 , 1774211 , 26885 , 21.508288 , 4461246 , 
 , 1805745 , 26509 , 21.207896 , 4538033 , 
 , 1833466 , 26914 , 21.531208 , 4605152 , 
 , 1865592 , 27256 , 21.805432 , 4676663 , 
 , 1897925 , 27829 , 22.263248 , 4751825 , 
 , 1929814 , 27367 , 21.893608 , 4829558 , 
 , 1959835 , 27630 , 22.104168 , 4898521 , 
 , 1994545 , 27365 , 21.892576000000002 , 4982535 , 
 , 2025983 , 27394 , 21.91576 , 5057726 , 
 , 2059108 , 25447 , 20.358112000000002 , 5130904 , 
 , 2090086 , 22397 , 17.918344 , 5195504 , 
 , 2117268 , 27238 , 21.790896 , 5254573 , 
 , 2146183 , 23087 , 18.4696 , 5321758 , 
 , 2177712 , 27558 , 22.046592 , 5394363 , 
 , 2210116 , 27616 , 22.093096000000003 , 5466915 , 
 , 2241616 , 27912 , 22.329848000000002 , 5540562 , 
 , 2273985 , 28344 , 22.67552 , 5615290 , 
 , 2306264 , 28193 , 22.554544 , 5692505 , 
 , 2338003 , 27521 , 22.017024000000003 , 5762645 , 
 , 2369863 , 27267 , 21.814367999999998 , 5840396 , 
 , 2401572 , 27701 , 22.161592 , 5917498 , 
 , 2433612 , 27945 , 22.356752 , 5993854 , 
 , 2465532 , 27376 , 21.900903999999997 , 6069245 , 
 , 2497087 , 27711 , 22.168903999999998 , 6143465 , 
 , 2529153 , 28083 , 22.467176 , 6217386 , 
 , 2561191 , 26646 , 21.317536 , 6296674 , 
 , 2593771 , 27087 , 21.670175999999998 , 6378497 , 
 , 2625481 , 26843 , 21.474792 , 6454383 , 
 , 2657430 , 27227 , 21.781888 , 6534470 , 
 , 2689799 , 28092 , 22.473648 , 6612336 , 
 , 2722138 , 27606 , 22.08512 , 6691120 , 
 , 2754268 , 27720 , 22.176488000000003 , 6768983 , 
 , 2786276 , 27926 , 22.341047999999997 , 6846141 , 
 , 2818286 , 27833 , 22.266831999999997 , 6921479 , 
 , 2850142 , 27482 , 21.986368 , 6997664 , 
 , 2882449 , 27835 , 22.268128 , 7075794 , 
 , 2914158 , 27535 , 22.028295999999997 , 7152052 , 
 , 2946138 , 27765 , 22.212088 , 7227938 , 
 , 2978268 , 27835 , 22.268752 , 7303636 , 
 , 3010608 , 27683 , 22.146815999999998 , 7379672 , 
 , 3042227 , 27871 , 22.2972 , 7456750 , 
 , 3074205 , 26792 , 21.434279999999998 , 7536261 , 
 , 3106334 , 28356 , 22.685423999999998 , 7612861 , 
 , 3138824 , 28005 , 22.404207999999997 , 7690644 , 
 , 3171014 , 28080 , 22.464655999999998 , 7768416 , 
 , 3202904 , 27923 , 22.339048 , 7843896 , 
 , 3234794 , 24863 , 19.890408 , 7931312 , 
 , 3267194 , 28344 , 22.675240000000002 , 8008266 , 
 , 3299654 , 28364 , 22.691504000000002 , 8085538 , 
 , 3331454 , 27868 , 22.294880000000003 , 8162242 , 
 , 3363793 , 28237 , 22.58976 , 8238178 , 
 , 3395533 , 27074 , 21.659632000000002 , 8314551 , 
 , 3426613 , 26932 , 21.546200000000002 , 8390889 , 
 , 3457872 , 27021 , 21.616816 , 8465861 , 
 , 3489672 , 26061 , 20.849176 , 8547653 , 
 , 3522012 , 28189 , 22.551704 , 8622266 , 
 , 3553914 , 27281 , 21.824984 , 8695051 , 
 , 3586253 , 28258 , 22.606896 , 8770072 , 
 , 3619113 , 28107 , 22.486264 , 8846129 , 
 , 3651542 , 27915 , 22.33256 , 8924070 , 
 , 3683520 , 28105 , 22.484104 , 8993355 , 
 , 3715738 , 28096 , 22.477368 , 9069872 , 
 , 3747807 , 28163 , 22.531119999999998 , 9144911 , 
 , 3780116 , 27866 , 22.293112 , 9222301 , 
 , 3812214 , 27851 , 22.281295999999998 , 9298786 , 
 , 3844764 , 27117 , 21.693991999999998 , 9378258 , 
 , 3877071 , 28031 , 22.425151999999997 , 9457648 , 
 , 3907827 , 27277 , 21.821696 , 9526223 , 
 , 3939992 , 26723 , 21.378424 , 9600365 , 
 , 3971672 , 27548 , 22.039104 , 9673973 , 
 , 3993371 , 22029 , 17.623696 , 9720230 , 
 , 4010708 , 14913 , 11.930944 , 9787024 , 
 , 4029095 , 17039 , 13.631440000000001 , 9866389 , 
 , 4059182 , 26270 , 21.016136 , 9937675 , 
 , 4090009 , 25917 , 20.734080000000002 , 10009799 , 
 , 4122107 , 27850 , 22.280448 , 10086900 , 
 , 4154356 , 27868 , 22.294904 , 10165259 , 
 , 4185999 , 26824 , 21.459312 , 10243187 , 
 , 4217915 , 27403 , 21.922432 , 10321687 , 
 , 4249620 , 27205 , 21.76444 , 10399554 , 
 , 4280652 , 27127 , 21.702008000000003 , 10473215 , 
 , 4312478 , 27622 , 22.097720000000002 , 10547604 , 
 , 4344381 , 27624 , 22.099896 , 10623251 , 
 , 4376866 , 27708 , 22.166871999999998 , 10700963 , 
 , 4409202 , 27509 , 22.007360000000002 , 10780581 , 
 , 4441290 , 22557 , 18.046336 , 10877581 , 
 , 4474282 , 22993 , 18.394527999999998 , 10982320 , 
 , 4505893 , 27139 , 21.711888 , 11058644 , 
 , 4538014 , 27693 , 22.155024 , 11137858 , 
 , 4569776 , 26692 , 21.353752 , 11213606 , 
 , 4600967 , 27084 , 21.667976 , 11287705 , 
 , 4632963 , 27378 , 21.90316 , 11363606 , 
 , 4660027 , 25600 , 20.480216 , 11433985 , 
 , 4697028 , 27008 , 21.606672 , 11519189 , 
 , 4729167 , 27756 , 22.20504 , 11589452 , 
 , 4761225 , 27368 , 21.894432000000002 , 11663442 , 
 , 4793528 , 27943 , 22.355168000000003 , 11739180 , 
 , 4832561 , 27377 , 21.902392 , 11830990 , 
 , 4858551 , 24637 , 19.710128 , 11889015 , 
 , 4890530 , 27561 , 22.049176 , 11964622 , 
 , 4921984 , 27038 , 21.631168000000002 , 12043241 , 
 , 4938743 , 15733 , 12.586928 , 12124424 , 
 , 4970532 , 26861 , 21.489472000000003 , 12202583 , 
 , 5002710 , 27548 , 22.038664 , 12279512 , 
 , 5034505 , 27497 , 21.99836 , 12355486 , 
 , 5066184 , 27552 , 22.041968 , 12430588 , 
 , 5098258 , 27501 , 22.001112000000003 , 12504812 , 
 , 5126984 , 27153 , 21.722848000000003 , 12569650 , 
 , 5162887 , 27557 , 22.046072 , 12649814 , 
 , 5187072 , 21569 , 17.255272 , 12720896 , 
 , 5212851 , 21061 , 16.848992 , 12788634 , 
 , 5253951 , 26701 , 21.361368 , 12889697 , 
 , 5286141 , 27474 , 21.979928 , 12964213 , 
 , 5318566 , 28066 , 22.452864 , 13040671 , 
 , 5350814 , 28112 , 22.489784 , 13117229 , 
 , 5382913 , 27888 , 22.31088 , 13194044 , 
 , 5415191 , 28002 , 22.40172 , 13271623 , 
 , 5447583 , 27602 , 22.081599999999998 , 13349806 , 
 , 5479831 , 26262 , 21.009919999999997 , 13434201 , 
 , 5511235 , 25615 , 20.492455999999997 , 13513140 , 
 , 5543065 , 27004 , 21.60384 , 13595380 , 
 , 5574682 , 27375 , 21.900712 , 13673099 , 
 , 5606924 , 26308 , 21.046975999999997 , 13750890 , 
 , 5639054 , 28058 , 22.447063999999997 , 13833678 , 
 , 5670704 , 27862 , 22.289887999999998 , 13906685 , 
 , 5700313 , 19794 , 15.835336 , 13990750 , 
 , 5731230 , 24438 , 19.550536 , 14074638 , 
 , 5766074 , 25592 , 20.473872 , 14162970 , 
 , 5797994 , 27531 , 22.025464 , 14240430 , 
 , 5829609 , 27097 , 21.678383999999998 , 14317604 , 
 , 5863097 , 26167 , 20.934151999999997 , 14397005 , 
 , 5893964 , 26988 , 21.590728 , 14471496 , 
 , 5925494 , 27258 , 21.80688 , 14548470 , 
 , 5957682 , 27746 , 22.197448 , 14625754 , 
 , 5967419 , 9837 , 7.8699200000000005 , 14655388 , 
 , 5980539 , 12734 , 10.187712 , 14697930 , 
 , 5991986 , 10938 , 8.751192 , 14724250 , 
 , 6005392 , 13444 , 10.755495999999999 , 14764479 , 
 , 6017645 , 12216 , 9.773192 , 14807847 , 
 , 6050947 , 18193 , 14.554808000000001 , 14917714 , 
 , 6083252 , 20693 , 16.555063999999998 , 15033043 , 
 , 6115622 , 20216 , 16.172984 , 15146805 , 
 , 6148380 , 23414 , 18.731952 , 15266778 , 
 , 6181230 , 20547 , 16.438063999999997 , 15383969 , 
 , 6213510 , 26514 , 21.211752 , 15468029 , 
 , 6246028 , 22297 , 17.837832 , 15571280 , 
 , 6277799 , 26550 , 21.240256000000002 , 15657696 , 
 , 6310079 , 27954 , 22.363376 , 15734122 , 
 , 6342207 , 27839 , 22.271335999999998 , 15812866 , 
 , 6374682 , 26350 , 21.080504 , 15895529 , 
 , 6407291 , 27224 , 21.779584 , 15978326 , 
 , 6438881 , 27397 , 21.918264 , 16056878 , 
 , 6470891 , 27991 , 22.393224 , 16134659 , 
 , 6502750 , 25500 , 20.400072 , 16216258 , 
 , 6534607 , 27271 , 21.816848 , 16298071 , 
 , 6566254 , 27736 , 22.188976 , 16373311 , 
 , 6597424 , 26660 , 21.32804 , 16447440 , 
 , 6628744 , 27178 , 21.742864 , 16518924 , 
 , 6661054 , 24390 , 19.512736 , 16594024 , 
 , 6692163 , 26413 , 21.130632000000002 , 16681621 , 
 , 6716041 , 23654 , 18.923831999999997 , 16719033 , 
 , 6754370 , 26794 , 21.435584 , 16799654 , 
 , 6786199 , 27213 , 21.771192 , 16875246 , 
 , 6814326 , 25471 , 20.377152 , 16920044 , 
 , 6843247 , 25836 , 20.669383999999997 , 16980131 , 
 , 6874956 , 27300 , 21.840383999999997 , 17044532 , 
 , 6898154 , 21228 , 16.982896 , 17085956 , 
 , 6930176 , 25781 , 20.625536 , 17156662 , 
 , 6962454 , 27776 , 22.221263999999998 , 17233927 , 
 , 6994223 , 26904 , 21.523488 , 17312597 , 
 , 7025698 , 26734 , 21.387536 , 17389559 , 
 , 7057528 , 27473 , 21.979080000000003 , 17466860 , 
 , 7088876 , 27259 , 21.807736000000002 , 17542297 , 
 , 7120736 , 27651 , 22.120832 , 17619360 , 
 , 7152355 , 27432 , 21.946208 , 17696517 , 
 , 7184213 , 27645 , 22.116312 , 17774474 , 
 , 7216103 , 27524 , 22.01964 , 17852221 , 
 , 7247932 , 27402 , 21.921664 , 17930413 , 
 , 7279637 , 27196 , 21.757455999999998 , 18008804 , 
 , 7311586 , 27860 , 22.288224 , 18084707 , 
 , 7343474 , 27423 , 21.938423999999998 , 18162293 , 
 , 7375542 , 27756 , 22.204871999999998 , 18239902 , 
 , 7407791 , 27864 , 22.29196 , 18316948 , 
 , 7440160 , 28327 , 22.66236 , 18394082 , 
 , 7472588 , 28154 , 22.523648 , 18472389 , 
 , 7503637 , 27467 , 21.974144 , 18546609 , 
 , 7535375 , 28118 , 22.49452 , 18620986 , 
 , 7566990 , 27407 , 21.925624 , 18697625 , 
 , 7599170 , 27810 , 22.24832 , 18776631 , 
 , 7630833 , 27815 , 22.252184 , 18851386 , 
 , 7662858 , 23637 , 18.91012 , 18926254 , 
 , 7695373 , 28203 , 22.562488000000002 , 19018536 , 
 , 7727346 , 27788 , 22.231184000000002 , 19095371 , 
 , 7759421 , 27972 , 22.378168000000002 , 19172999 , 
 , 7791547 , 27595 , 22.076400000000003 , 19251403 , 
 , 7823465 , 27591 , 22.073112000000002 , 19328422 , 
 , 7855351 , 27925 , 22.340687999999997 , 19403932 , 
 , 7886876 , 27871 , 22.296816 , 19480175 , 
 , 7924126 , 25622 , 20.498112000000003 , 19566211 , 
 , 7956285 , 28334 , 22.667272 , 19642343 , 
 , 7987515 , 27030 , 21.624648 , 19719256 , 
 , 8019669 , 28399 , 22.719576 , 19795449 , 
 , 8051815 , 27858 , 22.286831999999997 , 19873011 , 
 , 8083764 , 27886 , 22.309136 , 19949171 , 
 , 8116073 , 28357 , 22.685712 , 20026395 , 
 , 8147933 , 27918 , 22.335024 , 20102436 , 
 , 8179693 , 27520 , 22.016064 , 20180247 , 
 , 8211133 , 27231 , 21.785488 , 20257435 , 
 , 8242273 , 26691 , 21.352824000000002 , 20333979 , 
 , 8273443 , 27000 , 21.600176 , 20410770 , 
 , 8305059 , 27275 , 21.820784 , 20487832 , 
 , 8337123 , 27886 , 22.308824 , 20564116 , 
 , 8369372 , 28476 , 22.781448 , 20640237 , 
 , 8401410 , 28087 , 22.470048 , 20716415 , 
 , 8433717 , 28090 , 22.47244 , 20793780 , 
 , 8466379 , 28027 , 22.422024 , 20873209 , 
 , 8497960 , 27521 , 22.017344 , 20948352 , 
 , 8529820 , 28092 , 22.474304 , 21024108 , 
 , 8562005 , 28246 , 22.596984 , 21099902 , 
 , 8593913 , 28156 , 22.525063999999997 , 21176035 , 
 , 8626128 , 28341 , 22.673144 , 21252898 , 
 , 8658256 , 27961 , 22.3688 , 21329209 , 
 , 8690258 , 27975 , 22.380599999999998 , 21405143 , 
 , 8722417 , 28171 , 22.536815999999998 , 21481369 , 
 , 8754294 , 28155 , 22.524048 , 21555537 , 
 , 8785973 , 27901 , 22.321232 , 21631535 , 
 , 8817803 , 28095 , 22.476168 , 21706375 , 
 , 8850199 , 28203 , 22.562455999999997 , 21783649 , 
 , 8881967 , 28211 , 22.569232 , 21858782 , 
 , 8913555 , 28038 , 22.430495999999998 , 21933414 , 
 , 8945383 , 28240 , 22.592432000000002 , 22008216 , 
 , 8978018 , 28428 , 22.742912 , 22085498 , 
 , 9010017 , 28313 , 22.650768 , 22161013 , 
 , 9042086 , 27669 , 22.135648 , 22237307 , 
 , 9074381 , 27932 , 22.346112 , 22314482 , 
 , 9106416 , 28166 , 22.533392 , 22390816 , 
 , 9138481 , 28198 , 22.55904 , 22466587 , 
 , 9169198 , 27031 , 21.625367999999998 , 22541309 , 
 , 9201232 , 28388 , 22.710792 , 22614560 , 
 , 9232877 , 27689 , 22.151752000000002 , 22689782 , 
 , 9264644 , 27607 , 22.085624 , 22766928 , 
 , 9296232 , 27625 , 22.100232 , 22844213 , 
 , 9327611 , 27346 , 21.877568 , 22919175 , 
 , 9359494 , 27629 , 22.103512 , 22996580 , 
 , 9391801 , 27936 , 22.349391999999998 , 23075733 , 
 , 9423421 , 27570 , 22.056552 , 23152509 , 
 , 9455550 , 27966 , 22.372975999999998 , 23230278 , 
 , 9486748 , 27206 , 21.765488 , 23306584 , 
 , 9518846 , 28151 , 22.521151999999997 , 23383636 , 
 , 9550976 , 27970 , 22.376047999999997 , 23460654 , 
 , 9582866 , 27722 , 22.178248 , 23537357 , 
 , 9614783 , 27822 , 22.257704 , 23613128 , 
 , 9646578 , 27650 , 22.120408 , 23691044 , 
 , 9678457 , 27742 , 22.193656 , 23768491 , 
 , 9710077 , 27737 , 22.190368 , 23845540 , 
 , 9741817 , 27741 , 22.192984 , 23922690 , 
 , 9773018 , 26791 , 21.432968000000002 , 23992378 , 
 , 9801862 , 27424 , 21.939584 , 24059934 , 
 , 9835810 , 26800 , 21.440407999999998 , 24138872 , 
 , 9875208 , 26684 , 21.347648 , 24232115 , 
 , 9906972 , 27373 , 21.89884 , 24307829 , 
 , 9938797 , 27896 , 22.317104 , 24385330 , 
 , 9970835 , 27656 , 22.125112 , 24462819 , 
 , 10002334 , 27460 , 21.96816 , 24539198 , 
 , 10034613 , 27984 , 22.38796 , 24617794 , 
 , 10066410 , 27761 , 22.208944 , 24695685 , 
 , 10098357 , 27941 , 22.353488000000002 , 24773959 , 
 , 10130395 , 27871 , 22.297328 , 24851040 , 
 , 10162790 , 27389 , 21.911496 , 24931171 , 
 , 10194559 , 27942 , 22.354312 , 25008054 , 
 , 10226537 , 27751 , 22.201528 , 25085171 , 
 , 10258485 , 27879 , 22.303472000000003 , 25163391 , 
 , 10290278 , 27980 , 22.384031999999998 , 25239405 , 
 , 10321532 , 27572 , 22.057896 , 25315197 , 
 , 10352818 , 27355 , 21.884632 , 25391197 , 
 , 10384827 , 28012 , 22.409888 , 25467992 , 
 , 10416798 , 27908 , 22.326856 , 25544664 , 
 , 10448777 , 28050 , 22.440616000000002 , 25620459 , 
 , 10480366 , 27604 , 22.083504 , 25696038 , 
 , 10512127 , 27404 , 21.923336 , 25772827 , 
 , 10543896 , 27691 , 22.152856 , 25849121 , 
 , 10575481 , 27517 , 22.013864 , 25926313 , 
 , 10607397 , 26113 , 20.890815999999997 , 26007761 , 
 , 10639075 , 27425 , 21.940632 , 26090255 , 
 , 10670690 , 27180 , 21.74432 , 26167584 , 
 , 10702728 , 27817 , 22.253671999999998 , 26247269 , 
 , 10734678 , 27543 , 22.034423999999998 , 26325508 , 
 , 10766597 , 27761 , 22.209112 , 26403401 , 
 , 10797796 , 27390 , 21.91216 , 26479137 , 
 , 10827522 , 26103 , 20.882864 , 26552263 , 
 , 10858840 , 27490 , 21.992008000000002 , 26628127 , 
 , 10890219 , 27271 , 21.817104 , 26705556 , 
 , 10922014 , 27591 , 22.07332 , 26783195 , 
 , 10953750 , 27589 , 22.071759999999998 , 26860576 , 
 , 10980391 , 26625 , 21.300376 , 26925018 , 
 , 11012310 , 26976 , 21.581432 , 27002733 , 
 , 11044439 , 27895 , 22.316584 , 27081440 , 
 , 11075936 , 27390 , 21.912152 , 27157646 , 
 , 11107732 , 27658 , 22.12688 , 27236016 , 
 , 11138811 , 27033 , 21.627056 , 27313793 , 
 , 11170639 , 27589 , 22.071448 , 27391930 , 
 , 11202259 , 27586 , 22.069 , 27470081 , 
 , 11233999 , 27632 , 22.105871999999998 , 27548923 , 
 , 11265766 , 27625 , 22.100279999999998 , 27628361 , 
 , 11296936 , 27281 , 21.82532 , 27706598 , 
 , 11328706 , 27681 , 22.14508 , 27785913 , 
 , 11360806 , 28044 , 22.435527999999998 , 27865388 , 
 , 11392843 , 27774 , 22.219887999999997 , 27945675 , 
 , 11424491 , 27238 , 21.790608 , 28025503 , 
 , 11456501 , 27751 , 22.200952 , 28105784 , 
 , 11487669 , 27362 , 21.890096 , 28183208 , 
 , 11519589 , 27906 , 22.32548 , 28262515 , 
 , 11550809 , 26923 , 21.53916 , 28342250 , 
 , 11582966 , 24934 , 19.947824 , 28434192 , 
 , 11615035 , 27898 , 22.319096000000002 , 28514156 , 
 , 11646353 , 25751 , 20.601456 , 28598125 , 
 , 11678779 , 27690 , 22.152552 , 28681823 , 
 , 11710549 , 27834 , 22.267272000000002 , 28760343 , 
 , 11742529 , 27718 , 22.175128 , 28839954 , 
 , 11774449 , 27771 , 22.217152 , 28919770 , 
 , 11806126 , 26889 , 21.51124 , 28999827 , 
 , 11837865 , 27908 , 22.327151999999998 , 29076938 , 
 , 11869904 , 27755 , 22.204335999999998 , 29156217 , 
 , 11901854 , 28238 , 22.59052 , 29233408 , 
 , 11933711 , 27822 , 22.258392 , 29311185 , 
 , 11964911 , 26873 , 21.498856 , 29390576 , 
 , 11996918 , 27619 , 22.095752 , 29470281 , 
 , 12028235 , 27144 , 21.715919999999997 , 29548899 , 
 , 12059825 , 27180 , 21.744568 , 29629190 , 
 , 12091982 , 26062 , 20.850360000000002 , 29710157 , 
 , 12123540 , 26809 , 21.447648 , 29798201 , 
 , 12155367 , 27546 , 22.036808 , 29875775 , 
 , 12187166 , 27745 , 22.196407999999998 , 29955635 , 
 , 12218574 , 27488 , 21.990848000000003 , 30032872 , 
 , 12250522 , 26569 , 21.255568 , 30114665 , 
 , 12282497 , 27793 , 22.235144000000002 , 30196338 , 
 , 12309996 , 27666 , 22.133528 , 30264987 , 
 , 12346853 , 27532 , 22.025704 , 30355818 , 
 , 12379101 , 27872 , 22.29772 , 30436245 , 
 , 12411109 , 27456 , 21.965576000000002 , 30516837 , 
 , 12443089 , 27857 , 22.286080000000002 , 30596960 , 
 , 12475004 , 27690 , 22.152536 , 30676315 , 
 , 12507222 , 27762 , 22.209696 , 30757724 , 
 , 12539080 , 27563 , 22.051080000000002 , 30836985 , 
 , 12571356 , 27879 , 22.303335999999998 , 30916555 , 
 , 12603246 , 27089 , 21.671984000000002 , 30997866 , 
 , 12635103 , 26289 , 21.031432000000002 , 31078106 , 
 , 12666660 , 26645 , 21.316048 , 31162723 , 
 , 12698998 , 25094 , 20.075903999999998 , 31254412 , 
 , 12731516 , 27422 , 21.938136 , 31337322 , 
 , 12763463 , 27775 , 22.220304 , 31418169 , 
 , 12793359 , 27571 , 22.05728 , 31493164 , 
 , 12826726 , 26553 , 21.24248 , 31575834 , 
 , 12858614 , 27618 , 22.094712 , 31653777 , 
 , 12890922 , 27591 , 22.073408 , 31735025 , 
 , 12923142 , 27862 , 22.290168 , 31815173 , 
 , 12954821 , 27107 , 21.686135999999998 , 31894994 , 
 , 12986887 , 27363 , 21.891024 , 31975812 , 
 , 13018684 , 27485 , 21.988008 , 32055807 , 
 , 13050994 , 26914 , 21.531584 , 32128340 , 
 , 13082401 , 27272 , 21.818351999999997 , 32202859 , 
 , 13114407 , 27632 , 22.105991999999997 , 32281505 , 
 , 13146475 , 27614 , 22.091256 , 32361384 , 
 , 13178452 , 27328 , 21.862784 , 32441820 , 
 , 13210401 , 27699 , 22.159464 , 32520906 , 
 , 13242621 , 28035 , 22.428168000000003 , 32598383 , 
 , 13284069 , 26406 , 21.124856 , 32694588 , 
 , 13316502 , 26495 , 21.196184000000002 , 32771478 , 
 , 13355607 , 25674 , 20.539240000000003 , 32868260 , 
 , 13387046 , 26974 , 21.579416000000002 , 32946115 , 
 , 13419774 , 27527 , 22.022088 , 33026215 , 
 , 13451478 , 27276 , 21.821256 , 33106082 , 
 , 13483455 , 27496 , 21.996896 , 33184542 , 
 , 13515162 , 27531 , 22.025016 , 33263895 , 
 , 13547622 , 28145 , 22.516488000000003 , 33344279 , 
 , 13579569 , 27477 , 21.981759999999998 , 33424367 , 
 , 13610678 , 26979 , 21.5834 , 33502592 , 
 , 13643138 , 28049 , 22.43928 , 33581646 , 
 , 13674906 , 26872 , 21.497975999999998 , 33662253 , 
 , 13707393 , 27925 , 22.340632000000003 , 33741723 , 
 , 13739551 , 27901 , 22.321223999999997 , 33820028 , 
 , 13771080 , 27413 , 21.93056 , 33897944 , 
 , 13803330 , 27870 , 22.296696 , 33977516 , 
 , 13835338 , 27696 , 22.157144 , 34055880 , 
 , 13867468 , 27624 , 22.099632 , 34134795 , 
 , 13899357 , 27186 , 21.748896000000002 , 34213506 , 
 , 13931240 , 27478 , 21.982928 , 34292695 , 
 , 13962859 , 27526 , 22.021176 , 34370996 , 
 , 13994657 , 27234 , 21.787416 , 34447016 , 
 , 14026544 , 27511 , 22.009528 , 34524813 , 
 , 14058815 , 28052 , 22.441816 , 34603801 , 
 , 14090854 , 28016 , 22.413352 , 34682053 , 
 , 14122864 , 27956 , 22.365456 , 34759582 , 
 , 14155293 , 27956 , 22.365032 , 34838426 , 
 , 14187002 , 27371 , 21.896928 , 34916679 , 
 , 14218831 , 27408 , 21.927135999999997 , 34995535 , 
 , 14250901 , 27847 , 22.27824 , 35073877 , 
 , 14283118 , 27970 , 22.376216 , 35151892 , 
 , 14315606 , 28072 , 22.458016 , 35231909 , 
 , 14347907 , 27884 , 22.307816 , 35310468 , 
 , 14380544 , 26996 , 21.597256 , 35392898 , 
 , 14418362 , 26947 , 21.557896 , 35484586 , 
 , 14450874 , 27442 , 21.953808000000002 , 35566045 , 
 , 14483392 , 27904 , 22.323824000000002 , 35645356 , 
 , 14515696 , 27922 , 22.33816 , 35723836 , 
 , 14548123 , 27692 , 22.153632 , 35804237 , 
 , 14580612 , 28004 , 22.40348 , 35883817 , 
 , 14612619 , 27638 , 22.110975999999997 , 35961680 , 
 , 14644805 , 26365 , 21.092416 , 36043163 , 
 , 14677554 , 24203 , 19.36304 , 36135987 , 
 , 14709501 , 27199 , 21.759792 , 36222730 , 
 , 14741714 , 27202 , 21.761992 , 36303011 , 
 , 14773501 , 27603 , 22.08268 , 36381328 , 
 , 14805751 , 28045 , 22.43624 , 36458703 , 
 , 14837995 , 27729 , 22.183904 , 36536361 , 
 , 14870511 , 28013 , 22.410472000000002 , 36615831 , 
 , 14903238 , 28138 , 22.510704 , 36695868 , 
 , 14935486 , 27648 , 22.11916 , 36773805 , 
 , 14967614 , 28065 , 22.452583999999998 , 36853050 , 
 , 14999650 , 27711 , 22.169416000000002 , 36932097 , 
 , 15031825 , 27954 , 22.363408 , 37010748 , 
 , 15063937 , 27586 , 22.06936 , 37087571 , 
 , 15095639 , 27856 , 22.285544 , 37160085 , 
 , 15127825 , 28121 , 22.496992 , 37235544 , 
 , 15160395 , 28013 , 22.410832 , 37312918 , 
 , 15192904 , 28448 , 22.758984 , 37390904 , 
 , 15225268 , 28658 , 22.926824 , 37467982 , 
 , 15258006 , 27545 , 22.036624 , 37543505 , 
 , 15290129 , 27812 , 22.249696 , 37620318 , 
 , 15322042 , 27725 , 22.180096000000002 , 37699677 , 
 , 15354021 , 27437 , 21.949912 , 37779096 , 
 , 15386146 , 27886 , 22.308888 , 37858484 , 
 , 15417374 , 27271 , 21.816816 , 37935565 , 
 , 15449173 , 27594 , 22.075832 , 38013811 , 
 , 15481181 , 27825 , 22.260336 , 38092149 , 
 , 15512798 , 27608 , 22.086984 , 38169813 , 
 , 15544500 , 27531 , 22.024815999999998 , 38248359 , 
 , 15576148 , 27618 , 22.094576 , 38326807 , 
 , 15608158 , 27617 , 22.094064 , 38406075 , 
 , 15639987 , 27583 , 22.066712 , 38485151 , 
 , 15671802 , 27488 , 21.990568 , 38563625 , 
 , 15704167 , 28034 , 22.427408 , 38642697 , 
 , 15736715 , 28234 , 22.587928 , 38722338 , 
 , 15768356 , 27412 , 21.92968 , 38799971 , 
 , 15800689 , 27944 , 22.355432 , 38878689 , 
 , 15832218 , 27601 , 22.081544 , 38955343 , 
 , 15864226 , 28097 , 22.478080000000002 , 39032730 , 
 , 15895034 , 27010 , 21.608408 , 39107989 , 
 , 15925988 , 26960 , 21.568512 , 39183024 , 
 , 15964174 , 26833 , 21.467032 , 39273639 , 
 , 15996662 , 28586 , 22.868984 , 39351015 , 
 , 16029573 , 28585 , 22.868392 , 39428335 , 
 , 16061641 , 28396 , 22.71692 , 39502883 , 
 , 16093711 , 28383 , 22.706488 , 39579890 , 
 , 16125927 , 28377 , 22.701792 , 39656968 , 
 , 16158562 , 28693 , 22.955072 , 39734708 , 
 , 16190812 , 28312 , 22.649936 , 39812390 , 
 , 16223180 , 28479 , 22.783872 , 39889699 , 
 , 16254948 , 28119 , 22.495832 , 39966108 , 
 , 16289116 , 27129 , 21.703664 , 40046759 , 
 , 16321575 , 28496 , 22.79708 , 40125243 , 
 , 16353374 , 27703 , 22.162744 , 40202829 , 
 , 16385264 , 27770 , 22.216296 , 40280924 , 
 , 16417394 , 28319 , 22.655896000000002 , 40357599 , 
 , 16449553 , 28214 , 22.5716 , 40434029 , 
 , 16481623 , 28203 , 22.563072000000002 , 40511085 , 
 , 16514141 , 27956 , 22.365408 , 40590305 , 
 , 16546741 , 28213 , 22.570448 , 40666997 , 
 , 16579201 , 28377 , 22.701991999999997 , 40745870 , 
 , 16611841 , 28490 , 22.792632 , 40823420 , 
 , 16643850 , 28328 , 22.663040000000002 , 40899313 , 
 , 16676219 , 28352 , 22.6818 , 40976905 , 
 , 16708344 , 28261 , 22.609024 , 41054315 , 
 , 16740744 , 28428 , 22.742943999999998 , 41131378 , 
 , 16772903 , 28190 , 22.55248 , 41206344 , 
 , 16805212 , 28577 , 22.861608 , 41282641 , 
 , 16837521 , 28382 , 22.706264 , 41359331 , 
 , 16869916 , 28515 , 22.812632 , 41436644 , 
 , 16902163 , 28459 , 22.767712 , 41512203 , 
 , 16934142 , 28086 , 22.468912 , 41589253 , 
 , 16966332 , 28116 , 22.492848000000002 , 41666285 , 
 , 16998818 , 28565 , 22.85276 , 41743988 , 
 , 17030948 , 28158 , 22.526656 , 41820992 , 
 , 17063378 , 28328 , 22.663040000000002 , 41898523 , 
 , 17095202 , 27944 , 22.355824000000002 , 41974858 , 
 , 17127510 , 28307 , 22.646016 , 42051969 , 
 , 17159546 , 28255 , 22.604 , 42129374 , 
 , 17191615 , 28193 , 22.554576 , 42205831 , 
 , 17223653 , 27996 , 22.397088 , 42282653 , 
 , 17256323 , 26558 , 21.247048 , 42361290 , 
 , 17288510 , 28023 , 22.419064 , 42445775 , 
 , 17320606 , 28174 , 22.539656 , 42522615 , 
 , 17352645 , 28153 , 22.5228 , 42599889 , 
 , 17384892 , 28202 , 22.561984 , 42677717 , 
 , 17417741 , 28557 , 22.846032 , 42756482 , 
 , 17449390 , 27909 , 22.327728 , 42832175 , 
 , 17481818 , 28158 , 22.527008000000002 , 42909383 , 
 , 17513766 , 28215 , 22.572744 , 42985201 , 
 , 17544434 , 27326 , 21.860975999999997 , 43057176 , 
 , 17576769 , 28185 , 22.548184000000003 , 43134541 , 
 , 17608834 , 28079 , 22.46356 , 43210538 , 
 , 17641169 , 28299 , 22.639688 , 43288434 , 
 , 17673837 , 28615 , 22.892176 , 43365853 , 
 , 17705965 , 28193 , 22.554408 , 43443104 , 
 , 17738214 , 28462 , 22.770048 , 43519260 , 
 , 17770039 , 27050 , 21.640439999999998 , 43598762 , 
 , 17802915 , 28538 , 22.830648 , 43677846 , 
 , 17835344 , 27796 , 22.237416 , 43757842 , 
 , 17867891 , 28344 , 22.675976 , 43836093 , 
 , 17900589 , 28650 , 22.920728 , 43914743 , 
 , 17932809 , 28521 , 22.817400000000003 , 43991046 , 
 , 17964997 , 28064 , 22.451584 , 44067525 , 
 , 17997696 , 28590 , 22.872248 , 44145288 , 
 , 18030093 , 28135 , 22.508152 , 44223560 , 
 , 18062642 , 28493 , 22.794567999999998 , 44301815 , 
 , 18094591 , 28063 , 22.451088 , 44379068 , 
 , 18126660 , 28445 , 22.756296 , 44455292 , 
 , 18158858 , 28190 , 22.552152 , 44531890 , 
 , 18191227 , 28284 , 22.627968 , 44609609 , 
 , 18223684 , 28426 , 22.740887999999998 , 44687171 , 
 , 18256111 , 28508 , 22.806496 , 44764482 , 
 , 18288530 , 28196 , 22.557288 , 44842443 , 
 , 18320893 , 28578 , 22.862608 , 44920267 , 
 , 18353501 , 28571 , 22.85728 , 44998702 , 
 , 18385569 , 28192 , 22.553768 , 45073698 , 
 , 18418081 , 28044 , 22.435472 , 45153110 , 
 , 18450539 , 28224 , 22.579279999999997 , 45230388 , 
 , 18482361 , 27858 , 22.286576 , 45307852 , 
 , 18513889 , 27494 , 21.995696 , 45383991 , 
 , 18545236 , 27589 , 22.071984 , 45459288 , 
 , 18577246 , 28236 , 22.588856 , 45535179 , 
 , 18609376 , 28285 , 22.628087999999998 , 45611719 , 
 , 18641536 , 28263 , 22.610744 , 45688569 , 
 , 18673756 , 28352 , 22.681872 , 45764898 , 
 , 18705855 , 28281 , 22.625064 , 45840691 , 
 , 18738165 , 28552 , 22.842295999999997 , 45917182 , 
 , 18770293 , 28448 , 22.759040000000002 , 45993622 , 
 , 18802212 , 28119 , 22.495496 , 46069978 , 
 , 18834577 , 28420 , 22.736392 , 46147924 , 
 , 18866497 , 28180 , 22.544335999999998 , 46223154 , 
 , 18898627 , 28234 , 22.587328000000003 , 46299906 , 
 , 18930817 , 28013 , 22.410656 , 46377428 , 
 , 18963216 , 28434 , 22.747872 , 46454736 , 
 , 18995763 , 28299 , 22.639656 , 46532481 , 
 , 19027950 , 28341 , 22.672984 , 46608449 , 
 , 19060285 , 28270 , 22.616432 , 46686223 , 
 , 19092649 , 28317 , 22.653783999999998 , 46763652 , 
 , 19124925 , 28237 , 22.589704 , 46841392 , 
 , 19156617 , 27896 , 22.317536 , 46918355 , 
 , 19188860 , 28164 , 22.53144 , 46994874 , 
 , 19220417 , 27592 , 22.074024 , 47070979 , 
 , 19252842 , 28344 , 22.675592 , 47147002 , 
 , 19285058 , 28158 , 22.527016 , 47223244 , 
 , 19317181 , 28038 , 22.430944 , 47298050 , 
 , 19349391 , 28365 , 22.692 , 47375108 , 
 , 19382177 , 28522 , 22.817671999999998 , 47452810 , 
 , 19414516 , 28577 , 22.862152 , 47530133 , 
 , 19446882 , 28451 , 22.761015999999998 , 47607290 , 
 , 19479190 , 28261 , 22.609232 , 47684395 , 
 , 19511316 , 28346 , 22.677576000000002 , 47761036 , 
 , 19543558 , 28495 , 22.796416 , 47837585 , 
 , 19575982 , 28509 , 22.807856 , 47914315 , 
 , 19608560 , 28495 , 22.79672 , 47992262 , 
 , 19640687 , 28135 , 22.508512 , 48069235 , 
 , 19673417 , 28402 , 22.722216 , 48145691 , 
 , 19705449 , 28321 , 22.657048 , 48222269 , 
 , 19737359 , 27994 , 22.395784 , 48297989 , 
 , 19769279 , 27842 , 22.274383999999998 , 48373734 , 
 , 19801648 , 28347 , 22.678103999999998 , 48450207 , 
 , 19840869 , 26363 , 21.09072 , 48542041 , 
 , 19872634 , 28279 , 22.623272 , 48617294 , 
 , 19904727 , 28309 , 22.647552 , 48694538 , 
 , 19937065 , 28536 , 22.829184 , 48772479 , 
 , 19969492 , 28459 , 22.767568 , 48850369 , 
 , 20001886 , 28373 , 22.69876 , 48928540 , 
 , 20034345 , 27532 , 22.025712 , 49007773 , 
 , 20066834 , 28021 , 22.4172 , 49092000 , 
 , 20098986 , 28434 , 22.747495999999998 , 49168788 , 
 , 20131535 , 28737 , 22.989848000000002 , 49247314 , 
 , 20163749 , 28262 , 22.6098 , 49323743 , 
 , 20195967 , 28431 , 22.744992 , 49401824 , 
 , 20228479 , 28499 , 22.799256 , 49480716 , 
 , 20260748 , 27971 , 22.376815999999998 , 49560334 , 
 , 20290523 , 28735 , 22.988504000000002 , 49631595 , 
 , 20322341 , 23626 , 18.901336 , 49707087 , 
 , 20354735 , 28237 , 22.589952 , 49782616 , 
 , 20382496 , 26237 , 20.989815999999998 , 49845974 , 
 , 20409180 , 22394 , 17.915992 , 49922492 , 
 , 20441973 , 28109 , 22.48768 , 49993845 , 
 , 20474042 , 28007 , 22.406344 , 50070810 , 
 , 20506169 , 28550 , 22.840544 , 50148279 , 
 , 20538746 , 28770 , 23.016351999999998 , 50225622 , 
 , 20570841 , 28169 , 22.535391999999998 , 50303439 , 
 , 20603088 , 28168 , 22.534408 , 50382371 , 
 , 20635218 , 28262 , 22.609816 , 50460350 , 
 , 20667403 , 28377 , 22.701880000000003 , 50537880 , 
 , 20699593 , 28181 , 22.544815999999997 , 50615048 , 
 , 20731991 , 28391 , 22.713136 , 50693528 , 
 , 20764296 , 28368 , 22.695 , 50770944 , 
 , 20796755 , 25845 , 20.676328 , 50859771 , 
 , 20829180 , 28396 , 22.71724 , 50937197 , 
 , 20861549 , 27894 , 22.315711999999998 , 51018616 , 
 , 20893375 , 28204 , 22.563304 , 51095896 , 
 , 20926014 , 28645 , 22.916455999999997 , 51172798 , 
 , 20958255 , 28340 , 22.672056 , 51250632 , 
 , 20990438 , 28335 , 22.668488 , 51326513 , 
 , 21022232 , 28004 , 22.403432000000002 , 51403989 , 
 , 21054628 , 28530 , 22.824368 , 51482603 , 
 , 21086893 , 28627 , 22.901736 , 51560998 , 
 , 21118503 , 27734 , 22.187592000000002 , 51636993 , 
 , 21149611 , 27457 , 21.965824 , 51712896 , 
 , 21182189 , 28538 , 22.830792000000002 , 51791812 , 
 , 21214466 , 28418 , 22.73504 , 51869571 , 
 , 21246794 , 27217 , 21.773984 , 51952592 , 
 , 21279406 , 28125 , 22.500168000000002 , 52029374 , 
 , 21311505 , 28224 , 22.579784 , 52106994 , 
 , 21343628 , 28297 , 22.637712 , 52185050 , 
 , 21371987 , 25493 , 20.394655999999998 , 52252042 , 
 , 21404383 , 28361 , 22.688831999999998 , 52329887 , 
 , 21436509 , 28040 , 22.432024000000002 , 52408257 , 
 , 21468213 , 27682 , 22.145808000000002 , 52486304 , 
 , 21500370 , 28229 , 22.583408 , 52563229 , 
 , 21532588 , 28524 , 22.819944 , 52640851 , 
 , 21564535 , 28380 , 22.704 , 52717230 , 
 , 21596751 , 28149 , 22.519416 , 52794797 , 
 , 21629418 , 28526 , 22.821368 , 52871085 , 
 , 21662063 , 24300 , 19.440103999999998 , 52943140 , 
 , 21698891 , 28397 , 22.718216 , 53025816 , 
 , 21731405 , 28330 , 22.664151999999998 , 53102396 , 
 , 21763801 , 28438 , 22.751176 , 53180841 , 
 , 21796253 , 28633 , 22.907152 , 53259211 , 
 , 21828501 , 28318 , 22.654656 , 53334962 , 
 , 21860146 , 27692 , 22.154176 , 53411971 , 
 , 21892000 , 28121 , 22.497544 , 53490183 , 
 , 21924069 , 28200 , 22.56048 , 53568439 , 
 , 21956584 , 28342 , 22.674232 , 53647226 , 
 , 21987273 , 27058 , 21.646856 , 53722536 , 
 , 22019162 , 28035 , 22.428784 , 53799488 , 
 , 22051165 , 27971 , 22.377504000000002 , 53876705 , 
 , 22083140 , 28273 , 22.618848000000003 , 53955267 , 
 , 22115627 , 28335 , 22.668656 , 54034951 , 
 , 22147217 , 27701 , 22.161416000000003 , 54112596 , 
 , 22179254 , 28165 , 22.532087999999998 , 54190756 , 
 , 22211682 , 28360 , 22.68848 , 54269412 , 
 , 22243811 , 28301 , 22.64084 , 54347125 , 
 , 22275756 , 27772 , 22.217696 , 54425627 , 
 , 22308096 , 28404 , 22.72344 , 54504827 , 
 , 22339835 , 28095 , 22.476208 , 54582450 , 
 , 22371933 , 28261 , 22.6088 , 54660552 , 
 , 22404294 , 28473 , 22.778928 , 54739535 , 
 , 22436238 , 28254 , 22.603696 , 54817098 , 
 , 22468637 , 28053 , 22.442784 , 54897769 , 
 , 22500707 , 28118 , 22.49512 , 54975773 , 
 , 22532921 , 28447 , 22.757991999999998 , 55052278 , 
 , 22565379 , 27816 , 22.2532 , 55131406 , 
 , 22597776 , 28586 , 22.86928 , 55207746 , 
 , 22629751 , 28085 , 22.468728 , 55283758 , 
 , 22669249 , 27275 , 21.820135999999998 , 55376316 , 
 , 22701468 , 28248 , 22.598624 , 55451832 , 
 , 22733188 , 28110 , 22.488272000000002 , 55523871 , 
 , 22765013 , 27980 , 22.384439999999998 , 55597418 , 
 , 22792947 , 27989 , 22.391664000000002 , 55663602 , 
 , 22819597 , 25923 , 20.738432 , 55723407 , 
 , 22856338 , 28234 , 22.587671999999998 , 55808762 , 
 , 22888662 , 28051 , 22.44116 , 55886298 , 
 , 22920729 , 28243 , 22.594424 , 55964404 , 
 , 22953099 , 28147 , 22.517808000000002 , 56043374 , 
 , 22985220 , 26243 , 20.994408 , 56128451 , 
 , 23017680 , 27568 , 22.054776 , 56209471 , 
 , 23050079 , 24520 , 19.616376 , 56303638 , 
 , 23082285 , 27162 , 21.729824 , 56384655 , 
 , 23114141 , 26880 , 21.504103999999998 , 56463825 , 
 , 23146322 , 27762 , 22.210048 , 56546782 , 
 , 23178719 , 27605 , 22.084063999999998 , 56626405 , 
 , 23210966 , 28342 , 22.67368 , 56705996 , 
 , 23242820 , 28017 , 22.413824 , 56782581 , 
 , 23275308 , 28562 , 22.849824 , 56861765 , 
 , 23307375 , 28368 , 22.695024 , 56939592 , 
 , 23339503 , 27977 , 22.381712 , 57018607 , 
 , 23371721 , 28248 , 22.598912 , 57095478 , 
 , 23403878 , 27805 , 22.244704000000002 , 57172039 , 
 , 23436367 , 28552 , 22.842312000000003 , 57248991 , 
 , 23468736 , 28649 , 22.919488 , 57326853 , 
 , 23500985 , 28014 , 22.411240000000003 , 57405248 , 
 , 23532845 , 28065 , 22.452488000000002 , 57483378 , 
 , 23572319 , 25758 , 20.606808 , 57578256 , 
 , 23604659 , 28450 , 22.760336 , 57650458 , 
 , 23636634 , 28277 , 22.621872 , 57725866 , 
 , 23668583 , 26962 , 21.570376 , 57799252 , 
 , 23699273 , 26835 , 21.468383999999997 , 57872917 , 
 , 23730110 , 26368 , 21.094896000000002 , 57947959 , 
 , 23762498 , 28046 , 22.437184000000002 , 58026696 , 
 , 23794839 , 27979 , 22.383632000000002 , 58103592 , 
 , 23826692 , 27866 , 22.293376 , 58180544 , 
 , 23858552 , 28080 , 22.46432 , 58256643 , 
 , 23890802 , 28430 , 22.74476 , 58333957 , 
 , 23922657 , 28071 , 22.457216 , 58411101 , 
 , 23954607 , 28078 , 22.462584 , 58489047 , 
 , 23986809 , 25146 , 20.11716 , 58569668 , 
 , 24019239 , 28282 , 22.625671999999998 , 58652532 , 
 , 24051459 , 28474 , 22.779448 , 58730022 , 
 , 24083372 , 27777 , 22.22212 , 58806176 , 
 , 24115922 , 28210 , 22.568056000000002 , 58886496 , 
 , 24147752 , 27589 , 22.071896000000002 , 58965603 , 
 , 24179250 , 27934 , 22.347464 , 59041812 , 
 , 24211377 , 27746 , 22.19744 , 59121201 , 
 , 24242693 , 27079 , 21.6632 , 59199175 , 
 , 24274551 , 27876 , 22.301128000000002 , 59276822 , 
 , 24306858 , 28700 , 22.960376 , 59353597 , 
 , 24338177 , 27944 , 22.355976 , 59427737 , 
 , 24370427 , 28306 , 22.644959999999998 , 59503749 , 
 , 24402733 , 28098 , 22.478912 , 59581179 , 
 , 24434983 , 28462 , 22.769872 , 59658577 , 
 , 24467227 , 28286 , 22.629112 , 59736146 , 
 , 24499475 , 27918 , 22.334400000000002 , 59814065 , 
 , 24531875 , 27886 , 22.308799999999998 , 59893226 , 
 , 24563495 , 28070 , 22.456704000000002 , 59969483 , 
 , 24595651 , 28154 , 22.523648 , 60048292 , 
 , 24627990 , 27846 , 22.277368 , 60126156 , 
 , 24659754 , 27719 , 22.175888 , 60205766 , 
 , 24691883 , 27828 , 22.262928 , 60284126 , 
 , 24724042 , 28345 , 22.676560000000002 , 60362798 , 
 , 24755872 , 27542 , 22.034024000000002 , 60439667 , 
 , 24787911 , 26694 , 21.35536 , 60521210 , 
 , 24819531 , 27690 , 22.152048 , 60599487 , 
 , 24851121 , 27871 , 22.297568 , 60675773 , 
 , 24883311 , 27707 , 22.16596 , 60754430 , 
 , 24915261 , 27395 , 21.916040000000002 , 60833289 , 
 , 24947691 , 28345 , 22.676351999999998 , 60913408 , 
 , 24979890 , 28204 , 22.563384 , 60989831 , 
 , 25012138 , 25210 , 20.168056 , 61079653 , 
 , 25044298 , 28225 , 22.580144 , 61154998 , 
 , 25075916 , 27983 , 22.386504000000002 , 61230745 , 
 , 25107743 , 28286 , 22.628952 , 61307576 , 
 , 25139963 , 28568 , 22.854584 , 61384784 , 
 , 25171642 , 28042 , 22.43408 , 61460575 , 
 , 25203772 , 28170 , 22.536568 , 61537940 , 
 , 25236080 , 28312 , 22.65004 , 61616292 , 
 , 25268450 , 28192 , 22.553712 , 61695668 , 
 , 25300518 , 28171 , 22.536912 , 61773735 , 
 , 25328739 , 25411 , 20.329496 , 61845260 , 
 , 25361139 , 27928 , 22.342727999999997 , 61924666 , 
 , 25392819 , 28073 , 22.45908 , 62000331 , 
 , 25424769 , 28108 , 22.486776000000003 , 62076346 , 
 , 25457408 , 28443 , 22.754896000000002 , 62155782 , 
 , 25488758 , 27652 , 22.122135999999998 , 62230214 , 
 , 25520528 , 28298 , 22.638784 , 62306023 , 
 , 25552596 , 28418 , 22.735072 , 62383772 , 
 , 25584576 , 27896 , 22.317144 , 62461404 , 
 , 25616584 , 27882 , 22.305848 , 62539454 , 
 , 25648263 , 28110 , 22.488424 , 62616442 , 
 , 25680273 , 28366 , 22.693552 , 62693868 , 
 , 25712133 , 28263 , 22.610696 , 62770549 , 
 , 25743782 , 27791 , 22.233592 , 62846999 , 
 , 25776032 , 28548 , 22.838864 , 62924493 , 
 , 25808821 , 28492 , 22.794135999999998 , 63003053 , 
 , 25839897 , 27521 , 22.016992 , 63078644 , 
 , 25872188 , 28301 , 22.640904 , 63155856 , 
 , 25901565 , 28054 , 22.443736 , 63224264 , 
 , 25936093 , 27992 , 22.393687999999997 , 63305948 , 
 , 25967680 , 28228 , 22.582743999999998 , 63381395 , 
 , 25999658 , 28093 , 22.474687999999997 , 63455720 , 
 , 26032088 , 28408 , 22.727048 , 63533685 , 
 , 26063918 , 27940 , 22.35264 , 63611113 , 
 , 26096338 , 28214 , 22.571512 , 63689437 , 
 , 26128526 , 28278 , 22.623072 , 63766470 , 
 , 26160560 , 28036 , 22.429392 , 63843851 , 
 , 26192600 , 28281 , 22.625096000000003 , 63921100 , 
 , 26224606 , 28093 , 22.475136 , 63998409 , 
 , 26256455 , 27935 , 22.348096 , 64075919 , 
 , 26287595 , 27462 , 21.96968 , 64151270 , 
 , 26318855 , 27577 , 22.061799999999998 , 64226833 , 
 , 26350646 , 27836 , 22.268952000000002 , 64303707 , 
 , 26382624 , 28383 , 22.706784 , 64379765 , 
 , 26414715 , 28236 , 22.589392 , 64456566 , 
 , 26446873 , 27726 , 22.181392 , 64534965 , 
 , 26477844 , 28034 , 22.427432 , 64611120 , 
 , 26510904 , 28240 , 22.592184 , 64687820 , 
 , 26543181 , 28356 , 22.684984 , 64763131 , 
 , 26575044 , 27064 , 21.651752000000002 , 64840192 , 
 , 26607564 , 28427 , 22.741832 , 64917214 , 
 , 26640022 , 28461 , 22.769351999999998 , 64994805 , 
 , 26671908 , 28255 , 22.604744 , 65070032 , 
 , 26703376 , 27692 , 22.153752 , 65147421 , 
 , 26735446 , 28565 , 22.85248 , 65224011 , 
 , 26767184 , 27884 , 22.307423999999997 , 65300215 , 
 , 26799103 , 28477 , 22.78236 , 65376903 , 
 , 26830842 , 28418 , 22.734856 , 65452820 , 
 , 26863057 , 28276 , 22.620984 , 65529374 , 
 , 26895426 , 28560 , 22.848712 , 65606557 , 
 , 26927577 , 28211 , 22.569048 , 65683938 , 
 , 26960034 , 28333 , 22.666704000000003 , 65762606 , 
 , 26992492 , 28516 , 22.81328 , 65840318 , 
 , 27024561 , 28082 , 22.465856 , 65918585 , 
 , 27056929 , 28487 , 22.789664000000002 , 65996403 , 
 , 27088938 , 28036 , 22.428808 , 66074009 , 
 , 27121398 , 28247 , 22.59816 , 66148804 , 
 , 27153826 , 28285 , 22.628184 , 66226734 , 
 , 27185563 , 27906 , 22.325135999999997 , 66303557 , 
 , 27218079 , 25556 , 20.445376 , 66383370 , 
 , 27249938 , 26490 , 21.192776000000002 , 66460697 , 
 , 27282728 , 28332 , 22.665903999999998 , 66545782 , 
 , 27314528 , 28109 , 22.487759999999998 , 66622278 , 
 , 27346380 , 27993 , 22.394568 , 66699300 , 
 , 27378509 , 28079 , 22.463312000000002 , 66776904 , 
 , 27410183 , 28068 , 22.454904 , 66853468 , 
 , 27442070 , 27564 , 22.051479999999998 , 66931347 , 
 , 27474557 , 28150 , 22.52016 , 67009787 , 
 , 27507282 , 28257 , 22.605912 , 67089119 , 
 , 27539232 , 27843 , 22.275088 , 67165515 , 
 , 27571152 , 28123 , 22.498552 , 67242176 , 
 , 27603100 , 28021 , 22.417368 , 67319321 , 
 , 27635408 , 28185 , 22.54844 , 67397237 , 
 , 27667293 , 28196 , 22.556936 , 67474123 , 
 , 27699392 , 28171 , 22.537 , 67550781 , 
 , 27731220 , 27745 , 22.196472 , 67628619 , 
 , 27763258 , 28266 , 22.612887999999998 , 67706033 , 
 , 27795657 , 28736 , 22.989056 , 67783342 , 
 , 27827905 , 28376 , 22.7012 , 67859405 , 
 , 27859975 , 28143 , 22.514423999999998 , 67935651 , 
 , 27891892 , 28345 , 22.676392 , 68011996 , 
 , 27923662 , 27866 , 22.292856 , 68088977 , 
 , 27955701 , 28066 , 22.453392 , 68165606 , 
 , 27988039 , 28326 , 22.66152 , 68242118 , 
 , 28019472 , 27788 , 22.231 , 68317403 , 
 , 28051812 , 28347 , 22.678064 , 68395467 , 
 , 28083912 , 28375 , 22.700488 , 68472769 , 
 , 28115822 , 27688 , 22.150408 , 68550207 , 
 , 28147862 , 28050 , 22.440392 , 68627374 , 
 , 28179782 , 28086 , 22.469136 , 68703984 , 
 , 28211940 , 28102 , 22.482328000000003 , 68780831 , 
 , 28243829 , 28341 , 22.673432000000002 , 68857370 , 
 , 28275471 , 28133 , 22.507176 , 68933594 , 
 , 28307449 , 28214 , 22.571376 , 69010917 , 
 , 28339968 , 28553 , 22.843152 , 69088827 , 
 , 28371566 , 26936 , 21.548944 , 69163443 , 
 , 28403786 , 28127 , 22.501744 , 69242046 , 
 , 28436000 , 28123 , 22.498872 , 69321124 , 
 , 28468277 , 28292 , 22.634 , 69399066 , 
 , 28500732 , 28567 , 22.85432 , 69478219 , 
 , 28531919 , 27591 , 22.07292 , 69553517 , 
 , 28563268 , 27839 , 22.271928 , 69628883 , 
 , 28595457 , 28403 , 22.723176 , 69705642 , 
 , 28627190 , 27909 , 22.327759999999998 , 69782958 , 
 , 28659405 , 28487 , 22.789831999999997 , 69859356 , 
 , 28691325 , 27746 , 22.196936 , 69937542 , 
 , 28723182 , 28007 , 22.405687999999998 , 70014595 , 
 , 28755008 , 28021 , 22.417208 , 70091962 , 
 , 28786857 , 27916 , 22.332832 , 70168613 , 
 , 28819071 , 28119 , 22.495568 , 70246608 , 
 , 28850232 , 27484 , 21.987560000000002 , 70321987 , 
 , 28881155 , 27238 , 21.790664 , 70397272 , 
 , 28911778 , 27007 , 21.605904 , 70471882 , 
 , 28943208 , 27548 , 22.039104 , 70548765 , 
 , 28975304 , 28057 , 22.445871999999998 , 70626404 , 
 , 29003593 , 25976 , 20.781344 , 70693571 , 
 , 29027594 , 19489 , 15.591424000000002 , 70742898 , 
 , 29059507 , 27595 , 22.07668 , 70818989 , 
 , 29091817 , 28197 , 22.55828 , 70897051 , 
Averages: ,1.4473611018579235E7 ,27376.171584699452 ,21.901323278688498 ,
